Aftercare following joint replacement surgery,407
COVID-19 acute respiratory disease,331
Encntr for surgical aftcr following surgery on the circ sys,219
"Urinary tract infection, site not specified",159
Hypertensive heart disease with heart failure,154
Hyp hrt & chr kdny dis w hrt fail and stg 1-4/unsp chr kdny,146
Encounter for other orthopedic aftercare,134
"Alzheimer's disease, unspecified",133
Encntr for surgical aftcr following surgery on the dgstv sys,128
Parkinson's disease,121
Chronic obstructive pulmonary disease w (acute) exacerbation,114
Athscl heart disease of native coronary artery w/o ang pctrs,105
Aftercare following surgery for neoplasm,93
"Acute kidney failure, unspecified",93
Hemiplga following cerebral infrc affecting left nondom side,92
Hemiplga following cerebral infrc aff right dominant side,87
"Fx unsp part of nk of l femr, subs for clos fx w routn heal",83
Type 2 diabetes mellitus with foot ulcer,77
Acute respiratory failure with hypoxia,74
"Pneumonia, unspecified organism",71
Non-ST elevation (NSTEMI) myocardial infarction,67
Encounter for fitting and adjustment of urinary device,67
Unspecified dementia without behavioral disturbance,67
"Fx unsp part of nk of r femr, subs for clos fx w routn heal",64
Encounter for change or removal of nonsurg wound dressing,61
Essential (primary) hypertension,60
Other chronic pain,58
"Dysphagia, unspecified",54
Sarcopenia,53
"Chronic obstructive pulmonary disease, unspecified",49
Unspecified atrial fibrillation,49
"Polyosteoarthritis, unspecified",48
Acute and chronic respiratory failure with hypoxia,46
Encounter for orthopedic aftercare following surgical amp,45
Venous insufficiency (chronic) (peripheral),44
Metabolic encephalopathy,44
Cellulitis of left lower limb,42
Acute posthemorrhagic anemia,41
Hypertensive chronic kidney disease w stg 1-4/unsp chr kdny,41
Type 2 diabetes mellitus with hyperglycemia,39
"Spinal stenosis, lumbar region without neurogenic claud",39
Cellulitis of right lower limb,39
Alzheimer's disease with late onset,39
Paroxysmal atrial fibrillation,38
Bilateral primary osteoarthritis of knee,36
"Age-rel osteopor w crnt path fx, l femr, 7thD",34
"Hypothyroidism, unspecified",34
"Sepsis, unspecified organism",31
"Age-rel osteopor w crnt path fx, verteb, 7thD",30
"Traum subdr hem w/o loss of consciousness, subs",30
"Displ intertroch fx l femur, subs for clos fx w routn heal",29
"Displ intertroch fx r femur, subs for clos fx w routn heal",28
Other pulmonary embolism without acute cor pulmonale,27
"Encephalopathy, unspecified",27
"Epilepsy, unsp, not intractable, without status epilepticus",27
"Unilateral primary osteoarthritis, right knee",25
Other sequelae of cerebral infarction,25
Hypo-osmolality and hyponatremia,25
Aphasia following cerebral infarction,24
"Pleural effusion, not elsewhere classified",24
Orthostatic hypotension,24
Unspecified dementia with behavioral disturbance,23
Encounter for surgical aftcr following surgery on the GU sys,23
"Age-rel osteopor w crnt path fx, r femr, 7thD",21
"Gastrointestinal hemorrhage, unspecified",21
"Spinal stenosis, lumbar region with neurogenic claudication",19
Multiple sclerosis,19
Encounter for change or removal of surgical wound dressing,18
"Unsp dementia, unsp severity, without beh/psych/mood/anx",18
"Collapsed vert, NEC, lumbar region, subs for fx w routn heal",18
"Disruption of external operation (surgical) wound, NEC, subs",17
"Multiple fx of ribs, left side, subs for fx w routn heal",17
"Unilateral primary osteoarthritis, left knee",17
"Unsp fx upper end of r humerus, subs for fx w routn heal",17
Chronic pain syndrome,17
Encounter for attention to colostomy,17
Type 2 diabetes mellitus without complications,16
"Pressure ulcer of right buttock, stage 2",16
Encntr for surgical aftcr fol surgery on the nervous sys,16
Hypokalemia,16
Primary generalized (osteo)arthritis,16
"Disruption of external operation (surgical) wound, NEC, init",15
Type 2 diabetes mellitus with diabetic polyneuropathy,15
"Type 2 diabetes mellitus with diabetic neuropathy, unsp",14
"Age-rel osteopor with current path fx, other site, 7thD",14
"Traum subrac hem w/o loss of consciousness, subs",14
"Other intervertebral disc degeneration, lumbar region",14
"Unsp disp fx of 2nd cervcal vert, subs for fx w routn heal",13
"Anemia, unspecified",13
"Pressure ulcer of sacral region, stage 3",13
Hypertensive urgency,13
Hyp hrt & chr kdny dis w hrt fail and w stg 5 chr kdny/ESRD,13
"Unsp fx upper end of l humerus, subs for fx w routn heal",13
"Pressure ulcer of left buttock, stage 2",12
Secondary malignant neoplasm of brain,12
Cutaneous abscess of buttock,12
"Noninfective gastroenteritis and colitis, unspecified",12
Pneumonitis due to inhalation of food and vomit,12
"Lymphedema, not elsewhere classified",12
"Chronic atrial fibrillation, unspecified",12
Chronic respiratory failure with hypoxia,12
"Parkinson's dis w/o dyskinesia, w/o mention of fluctuations",12
Type 2 diabetes mellitus with hypoglycemia without coma,11
Type 2 diabetes mellitus w diabetic chronic kidney disease,11
"Laceration w/o foreign body, right lower leg, subs encntr",11
Dementia with Lewy bodies,11
"Collapsed vert, NEC, thor region, subs for fx w routn heal",11
Alzheimer's disease with early onset,11
"I/I react d/t indwelling urethral catheter, subs",11
"Pressure ulcer of left heel, unstageable",11
Rhabdomyolysis,11
"Lobar pneumonia, unspecified organism",11
"Emphysema, unspecified",10
"Pressure ulcer of sacral region, stage 4",10
"Pressure ulcer of sacral region, stage 2",10
"Unsp fracture of right femur, subs for clos fx w routn heal",10
"Fx superior rim of left pubis, subs for fx w routn heal",9
Type 2 diabetes mellitus with other specified complication,9
"Dysphagia, oropharyngeal phase",9
Iron deficiency anemia secondary to blood loss (chronic),9
"Unilateral primary osteoarthritis, right hip",9
"Unsp fx lower end of r femur, subs for clos fx w routn heal",9
"Heart failure, unspecified",9
"Unspecified open wound, right lower leg, subs encntr",9
"Iron deficiency anemia, unspecified",9
"Age-rel osteopor w crnt path fx, l humer, 7thD",9
"Multiple fx of ribs, right side, subs for fx w routn heal",9
"Enterocolitis d/t Clostridium difficile, not spcf as recur",9
Type 2 diabetes w diabetic peripheral angiopathy w gangrene,8
"Pressure ulcer of right heel, stage 3",8
"Pressure ulcer of left buttock, stage 3",8
"Oth osteopor w crnt path fx, verteb, 7thD",8
"Pressure ulcer of right heel, unstageable",8
Chr obstructive pulmon disease with (acute) lower resp infct,8
Age-related osteoporosis w/o current pathological fracture,8
Guillain-Barre syndrome,8
"Unsp fracture of sacrum, subs for fx w routn heal",8
"Unspecified open wound, left lower leg, subsequent encounter",8
"Unsp fx the lower end r rad, subs for clos fx w routn heal",8
Dehiscence of amputation stump,8
Other persistent atrial fibrillation,8
Type 2 diabetes w diabetic peripheral angiopath w/o gangrene,8
"Effusion, right knee",7
Acute cystitis without hematuria,7
"Dislocation of internal left hip prosthesis, subs encntr",7
Hyp chr kidney disease w stage 5 chr kidney disease or ESRD,7
"Unsp intracap fx right femur, subs for clos fx w routn heal",7
"Displ trimalleol fx r low leg, subs for clos fx w routn heal",7
Occlusion and stenosis of bilateral carotid arteries,7
"Unilateral primary osteoarthritis, left hip",7
Dysphagia following cerebral infarction,7
"Radiculopathy, lumbar region",7
Type 2 diabetes mellitus with other skin ulcer,7
Acute pyelonephritis,7
"Unsp trochan fx right femur, subs for clos fx w routn heal",7
"Displ trimalleol fx l low leg, subs for clos fx w routn heal",7
Athscl heart disease of native cor art w unsp ang pctrs,7
"Unsp disp fx of first cervcal vert, subs for fx w routn heal",7
Encounter for attention to gastrostomy,7
"Traum subdr hem w LOC of unsp duration, subs",7
"Unsp fx shaft of humerus, left arm, subs for fx w routn heal",6
Multiple myeloma not having achieved remission,6
Ischemic cardiomyopathy,6
Fibromyalgia,6
Encounter for attention to ileostomy,6
Hydronephrosis with renal and ureteral calculous obstruction,6
Other symptoms and signs w cogn fnctns fol cerebral infrc,6
Acute on chronic systolic (congestive) heart failure,6
"Unsp trochan fx left femur, subs for clos fx w routn heal",6
"Infct fol a proc, superfic incisional surgical site, subs",6
"Acute bronchitis, unspecified",6
Permanent atrial fibrillation,6
"Fx superior rim of right pubis, subs for fx w routn heal",6
Hemiplga following cerebral infrc aff left dominant side,6
"Unsp fx shaft of left fibula, subs for clos fx w routn heal",6
"Infect/inflm reaction due to internal left knee prosth, subs",6
"Constipation, unspecified",6
ST elevation (STEMI) myocardial infarction of unsp site,6
(Idiopathic) normal pressure hydrocephalus,6
"Malignant neoplasm of colon, unspecified",6
Pyonephrosis,6
"Unsp disp fx of surg nk of l humer, subs for fx w routn heal",6
Chronic diastolic (congestive) heart failure,6
"Unsp fracture of left femur, subs for clos fx w routn heal",6
"Depression, unspecified",6
"Dvtrcli of intest, part unsp, w/o perf or abscess w/o bleed",6
Encounter for adjustment and management of VAD,6
Acute on chronic diastolic (congestive) heart failure,6
"Disp fx of base of nk of l femr, 7thD",6
"Mild cognitive impairment, so stated",6
"Unsp fx lower end of l femur, subs for clos fx w routn heal",5
"Oth osteopor w crnt path fx, r femr, 7thD",5
Unspecified severe protein-calorie malnutrition,5
"Chronic respiratory failure, unsp w hypoxia or hypercapnia",5
Respiratory syncytial virus pneumonia,5
"3-part fx surg neck of r humerus, subs for fx w routn heal",5
Acute embolism and thombos unsp deep veins of l low extrem,5
"Displ bimalleol fx l low leg, subs for clos fx w routn heal",5
Neurocognitive disorder with Lewy bodies,5
"Acute pancreatitis without necrosis or infection, unsp",5
"Pressure ulcer of right buttock, stage 3",5
"Acute respiratory failure, unsp w hypoxia or hypercapnia",5
Rheumatic disorders of both mitral and aortic valves,5
Encntr for surgical aftcr following surgery on the resp sys,5
"Unsp fx shaft of left tibia, subs for clos fx w routn heal",5
Encounter for change or removal of drains,5
"Unspecified dementia, unspecified severity, with anxiety",5
"Age-rel osteopor w crnt path fx, r ank/ft, 7thD",5
"Muscle wasting and atrophy, NEC, multiple sites",5
"Age-rel osteopor w crnt path fx, r humer, 7thD",5
Non-prs chronic ulcer oth prt right foot w fat layer exposed,5
"Hemiplegia, unspecified affecting right dominant side",5
Benign prostatic hyperplasia with lower urinary tract symp,5
Hyperkalemia,5
"Pressure ulcer of sacral region, unstageable",5
Amyotrophic lateral sclerosis,5
Rheu arthritis w rheu factor mult site w/o org/sys involv,5
"Infct fol a procedure, organ and space surgical site, init",5
"Unsp fracture of left pubis, subs for fx w routn heal",5
"Insomnia, unspecified",5
"Unsp fx shaft of humer, right arm, subs for fx w routn heal",5
"Anxiety disorder, unspecified",5
"Unsp fx shaft of right tibia, subs for clos fx w routn heal",5
Longstanding persistent atrial fibrillation,5
Unspecified cirrhosis of liver,5
"Major depressive disorder, single episode, unspecified",5
"Unspecified open wound, left lower leg, initial encounter",5
"Mult fx of pelv w stable disrupt of pelv ring, 7thD",5
Ataxia following cerebral infarction,5
Myocardial infarction type 2,5
Vis def/sptl nglct following cerebral infarction,4
"Infect/inflm reaction due to internal r knee prosth, subs",4
"Spondylolisthesis, lumbar region",4
Essential tremor,4
"Instability of internal left knee prosthesis, subs encntr",4
"Malignant neoplasm of pancreas, unspecified",4
"Dislocation of internal right hip prosthesis, subs encntr",4
Malignant neoplasm of prostate,4
Cellulitis of right upper limb,4
Malignant neoplasm of unsp part of right bronchus or lung,4
"Disp fx of greater trochanter of l femr, 7thD",4
"Malignant neoplasm of upper lobe, left bronchus or lung",4
Unspecified hydronephrosis,4
"Malignant neoplasm of upper lobe, right bronchus or lung",4
Cutaneous abscess of left lower limb,4
"Fracture of nasal bones, subs for fx w routn heal",4
Secondary malignant neoplasm of bone,4
"Mult fx of pelv w/o disrupt of pelv ring, 7thD",4
Type 2 diabetes mellitus w diabetic neuropathic arthropathy,4
"Displ bicondylar fx r tibia, subs for clos fx w routn heal",4
"Unsp fracture of right pubis, subs for fx w routn heal",4
Cutaneous abscess of right foot,4
"Unsp fx shaft of left femur, subs for clos fx w routn heal",4
"Wedge comprsn fx T11-T12 vertebra, subs for fx w routn heal",4
"Unsp fx upper end of r tibia, subs for clos fx w routn heal",4
Generalized anxiety disorder,4
"Intervertebral disc disorders w radiculopathy, lumbar region",4
Nonalcoholic steatohepatitis (NASH),4
"Unspecified open wound, right lower leg, initial encounter",4
Acute and chronic respiratory failure with hypercapnia,4
Rectal abscess,4
"Wedge comprsn fx third lum vert, subs for fx w routn heal",4
"Infct fol a procedure, deep incisional surgical site, init",4
"Oth complications of procedures, NEC, subs",4
Secondary malig neoplasm of liver and intrahepatic bile duct,4
"Oth fracture of l low leg, subs for clos fx w routn heal",4
"Spinal stenosis, cervical region",4
"Oth fracture of left pubis, subs for fx w routn heal",4
"Spondylosis w/o myelopathy or radiculopathy, cervical region",4
"Oth fracture of r low leg, subs for clos fx w routn heal",4
Type 2 diabetes mellitus with ketoacidosis without coma,4
"Oth fracture of right pubis, subs for fx w routn heal",4
"Infect/inflm reaction due to internal r knee prosth, init",4
"Displ bimalleol fx r low leg, subs for clos fx w routn heal",4
"Unsp fracture of T11-T12 vertebra, subs for fx w routn heal",4
"Pain due to internal orthopedic prosth dev/grft, subs",4
"Infect/inflm reaction due to internal right hip prosth, subs",4
Bell's palsy,4
"Infection following a procedure, other surgical site, init",4
Hemiplga fol ntrm intcrbl hemor aff right dominant side,4
Cervicalgia,4
Bilateral primary osteoarthritis of hip,4
"Unsp intracap fx left femur, subs for clos fx w routn heal",4
"Postlaminectomy syndrome, not elsewhere classified",4
Unspecified asthma with (acute) exacerbation,4
"Pressure ulcer of left heel, stage 2",4
Intrahepatic bile duct carcinoma,4
"Pressure ulcer of left heel, stage 3",4
"Laceration without foreign body, left lower leg, subs encntr",4
"Displ subtrochnt fx r femur, subs for clos fx w routn heal",4
Encounter for attn to oth artif openings of digestive tract,4
Hypomagnesemia,4
"Disp fx of greater tuberosity of r humer, 7thD",4
"Primary osteoarthritis, right shoulder",4
"Wedge comprsn fx T9-T10 vertebra, subs for fx w routn heal",4
"Pressure ulcer of left heel, stage 4",3
Chronic lymphocytic leuk of B-cell type not achieve remis,3
"Traum subrac hem w LOC of unsp duration, subs",3
"Displ bicondylar fx l tibia, subs for clos fx w routn heal",3
Other intestnl obst unsp as to partial versus complete obst,3
Abscess of liver,3
Skin graft (allograft) (autograft) failure,3
"Displ midcervical fx r femur, subs for clos fx w routn heal",3
"Unsp fx lower end of r humerus, subs for fx w routn heal",3
"Displ oblique fx shaft of r fibula, 7thD",3
"Oth disp fx of upper end r humer, subs for fx w routn heal",3
"Displ spiral fx shaft of r femr, 7thD",3
Pneumonia due to Streptococcus pneumoniae,3
"Displ subtrochnt fx l femur, subs for clos fx w routn heal",3
"Rheumatoid arthritis w/o rheumatoid factor, multiple sites",3
Dvtrcli of lg int w perforation and abscess w/o bleeding,3
"Stable burst fx T11-T12 vertebra, subs for fx w routn heal",3
Dysarthria following cerebral infarction,3
"Unsp dementia, unspecified severity, with psychotic disturb",3
"Dysphagia, oral phase",3
"Unsp fx the low end left rad, subs for clos fx w routn heal",3
"Effusion, left knee",3
Non-prs chr ulc unsp prt of r low leg w fat layer exposed,3
"Acute upper respiratory infection, unspecified",3
"Oth fx upr & low end r fibula, subs for clos fx w routn heal",3
Encounter for aftercare following liver transplant,3
"Path fx in neopltc dis, oth site, subs for fx w routn heal",3
Encounter for attention to cystostomy,3
"Polyarthritis, unspecified",3
Chronic venous hypertension w ulcer of l low extrem,3
"Pressure ulcer of right buttock, unstageable",3
Encounter for attn to oth artif openings of urinary tract,3
"Sciatica, left side",3
Ac emblsm and thombos unsp deep veins of r dist low extrm,3
"Sprain of unspecified ligament of right ankle, subs encntr",3
"Age-rel osteopor w crnt path fx, l forearm, 7thD",3
"Transient cerebral ischemic attack, unspecified",3
Erythema intertrigo,3
"Disp fx of base of nk of r femr, 7thD",3
"Age-rel osteopor w crnt path fx, l low leg, 7thD",3
"Unsp fracture of left ilium, subs for fx w routn heal",3
"Fracture of one rib, left side, subs for fx w routn heal",3
"Unsp fx shaft of r fibula, subs for clos fx w routn heal",3
"Acute and chr resp failure, unsp w hypoxia or hypercapnia",3
"Unspecified dementia, severe, with anxiety",3
"Fx unsp part of l clavicle, subs for fx w routn heal",3
"Nondisp Zone I fracture of sacrum, subs for fx w routn heal",3
"Fx unsp part of r clavicle, subs for fx w routn heal",3
Non-prs chronic ulcer oth prt l low leg w fat layer exposed,3
"Hemiplegia, unspecified affecting left nondominant side",3
Dehydration,3
Hemiplga following cerebral infrc aff right nondom side,3
Other cirrhosis of liver,3
"Hepatic failure, unspecified without coma",3
Athscl native arteries of right leg w ulcer oth prt foot,3
Hypercalcemia,3
"Peripheral vascular disease, unspecified",3
"I/I react d/t indwelling urethral catheter, init",3
"Pneumothorax, unspecified",3
"Infct fol a procedure, deep incisional surgical site, subs",3
"Pressure ulcer of left buttock, stage 4",3
"Infect/inflm reaction due to internal left knee prosth, init",3
"Pressure ulcer of other site, stage 3",3
Influenza due to oth ident influenza virus w oth pneumonia,3
Pyothorax without fistula,3
"Laceration without foreign body of right hand, subs encntr",3
"Sacrococcygeal disorders, not elsewhere classified",3
Liver cell carcinoma,3
"Scoliosis, unspecified",3
Critical illness myopathy,3
"Spondylosis w/o myelopathy or radiculopathy, lumbar region",3
Acute cholecystitis,3
"Stable burst fx second lum vert, subs for fx w routn heal",3
"Malignant neoplasm of bladder, unspecified",3
"Strain of muscle, fascia and tendon of lower back, subs",3
Malignant neoplasm of endometrium,3
Calculus of gallbladder w chronic cholecyst w/o obstruction,3
Cutaneous abscess of abdominal wall,3
Type 2 diabetes mellitus with diabetic nephropathy,3
Malignant neoplasm of unsp part of left bronchus or lung,3
Acute diastolic (congestive) heart failure,3
"Mech compl of other cardiac electronic device, subs encntr",3
"Unsp disp fx of surg nk of r humer, subs for fx w routn heal",3
Mild cognitive impairment of uncertain or unknown etiology,3
"Unsp fx lower end of l humerus, subs for fx w routn heal",3
Mult subsegmental pulmon emboli without acute cor pulmonale,3
"Unsp fx right patella, subs for clos fx w routn heal",3
Myasthenia gravis with (acute) exacerbation,3
"Unsp fx shaft of right femur, subs for clos fx w routn heal",3
Myasthenia gravis without (acute) exacerbation,3
"Disp fx of lateral malleolus of r fibula, 7thD",3
Acute embolism and thrombosis of left femoral vein,3
Unspecified diastolic (congestive) heart failure,3
"Nondisp intertroch fx l femur, subs for clos fx w routn heal",3
"Wear of artic bearing surface of int prosth l knee jt, subs",3
"Nondisp intertroch fx r femur, subs for clos fx w routn heal",3
Athscl heart disease of native cor art w unstable ang pctrs,3
"Infect/inflm reaction due to internal left hip prosth, subs",2
"Pressure ulcer of right buttock, stage 4",2
Encounter for aftercare following kidney transplant,2
"Displaced intertroch fx l femur, subs for clos fx w nonunion",2
"Displ midcervical fx l femur, subs for clos fx w routn heal",2
"Malignant neoplasm of esophagus, unspecified",2
"Unsp focal TBI w/o loss of consciousness, subs",2
Malignant neoplasm of head of pancreas,2
"Displ transverse fx r patella, subs for clos fx w routn heal",2
Malignant neoplasm of lower third of esophagus,2
Hereditary motor and sensory neuropathy,2
"Disruption of internal operation (surgical) wound, NEC, init",2
Acute prostatitis,2
Chronic venous hypertension w ulcer of r low extrem,2
Type 2 diabetes w diabetic autonomic (poly)neuropathy,2
"Cutaneous abscess of back [any part, except buttock]",2
"Intervertebral disc disorders with myelopathy, lumbar region",2
"Mech compl of int fix of bones of foot and toes, subs",2
Chronic cholecystitis,2
"Mech compl of internal left hip prosthesis, subs encntr",2
"Pressure ulcer of other site, stage 2",2
"Mech compl of internal right knee prosthesis, subs encntr",2
Pressure-induced deep tissue damage of right heel,2
Ac emblsm and thombos unsp deep veins of left dist low extrm,2
Alcoholic cirrhosis of liver without ascites,2
"Mech loosening of internal right knee prosthetic joint, subs",2
Hypertensive heart disease without heart failure,2
Memory deficit following cerebral infarction,2
"Strain of left quadriceps muscle, fascia and tendon, subs",2
"Disruption of internal operation (surgical) wound, NEC, subs",2
"Trochanteric bursitis, right hip",2
"Arthritis due to other bacteria, right knee",2
"Unsp disp fx of 4th cervcal vert, subs for fx w routn heal",2
Moderate protein-calorie malnutrition,2
Centrilobular emphysema,2
Cutaneous abscess of groin,2
"Laceration w/o foreign body of right forearm, subs encntr",2
"Age-rel osteopor w crnt path fx, l ank/ft, 7thD",2
"Unsp rotatr-cuff tear/ruptr of left shoulder, not trauma",2
Cutaneous abscess of left foot,2
"Major depressive disorder, recurrent, unspecified",2
"Muscular dystrophy, unspecified",2
"Malignant neoplasm of cervix uteri, unspecified",2
Drug-induced myopathy,2
"Pressure ulcer of other site, unstageable",2
Epididymo-orchitis,2
"Pressure ulcer of right heel, stage 4",2
Neoplasm related pain (acute) (chronic),2
Dysphasia following cerebral infarction,2
Duodenitis without bleeding,2
Saddle embolus of pulmonary artery with acute cor pulmonale,2
"Nondisp fx of greater trochanter of l femr, 7thD",2
Sepsis due to Enterococcus,2
"Nondisp fx of greater tuberosity of r humer, 7thD",2
"Spinal stenosis, lumbosacral region",2
Essential (hemorrhagic) thrombocythemia,2
"Hypoglycemia, unspecified",2
"Dvrtclos of intest, part unsp, w/o perf or abscess w/o bleed",2
"Stable burst fx unsp lum vertebra, subs for fx w routn heal",2
Flu due to oth ident influenza virus w oth resp manifest,2
"Thrombocytopenia, unspecified",2
Athscl heart disease of native cor art w oth ang pctrs,2
"Traumatic hemothorax, subsequent encounter",2
"Foot drop, right foot",2
"Infection of amputation stump, right lower extremity",2
Fournier gangrene,2
"Unsp dementia, unsp severity, with other behavioral disturb",2
Non-prs chronic ulcer oth prt r low leg w fat layer exposed,2
"Unsp disp fx of sixth cervcal vert, subs for fx w routn heal",2
Nonrheumatic aortic (valve) stenosis,2
"Unsp fracture of right acetabulum, subs for fx w routn heal",2
Nontraumatic hematoma of soft tissue,2
"Unsp fx first lum vertebra, subs for fx w routn heal",2
"Nontraumatic subarachnoid hemorrhage, unspecified",2
"Cerebral aneurysm, nonruptured",2
"Nutritional anemia, unspecified",2
"Cerebrovascular disease, unspecified",2
"Obstructive and reflux uropathy, unspecified",2
"Cholecystitis, unspecified",2
Obstructive hydrocephalus,2
"Acute embolism and thombos unsp deep veins of low extrm, bi",2
"Wear of artic bearing surface of int prosth r knee jt, subs",2
Encounter for aftercare following other organ transplant,2
"Wedge comprsn fx first lum vert, subs for fx w routn heal",2
Unspecified right bundle-branch block,2
Occlusion and stenosis of left carotid artery,2
"Wear of artic bearing surface of int prosth l hip jt, subs",2
"Wedge comprsn fx unsp lum vertebra, subs for fx w routn heal",2
"Displ spiral fx shaft of humer, r arm, 7thD",2
"Oth comp of internal orthopedic prosth dev/grft, subs",2
Hemiplga fol oth ntrm intcrn hemor aff right dominant side,2
"Oth complications of procedures, NEC, init",2
Diplopia,2
"Dvtrcli of intest, part unsp, w perf and abscess w/o bleed",2
"Dysphagia, pharyngeal phase",2
"Oth fracture of first lum vertebra, subs for fx w routn heal",2
"Discitis, unspecified, lumbar region",2
"Decreased white blood cell count, unspecified",2
Progressive supranuclear ophthalmoplegia,2
Deficiency of other specified B group vitamins,2
Repeated falls,2
"Fracture of one rib, right side, subs for fx w routn heal",2
Human metapneumovirus pneumonia,2
"Oth fx lower end of l femur, subs for clos fx w routn heal",2
"Alcohol use, unsp with alcohol-induced persisting dementia",2
"Oth fx second lum vertebra, subs for fx w routn heal",2
Calculus of bile duct w acute cholecystitis w/o obstruction,2
"Oth fx upr & low end l fibula, subs for clos fx w routn heal",2
Sepsis due to Escherichia coli [E. coli],2
"Fx r shoulder girdle, part unsp, subs for fx w routn heal",2
Spastic diplegic cerebral palsy,2
"Oth intartic fx low end r rad, subs for clos fx w routn heal",2
"Spondylolisthesis, cervical region",2
"Oth osteopor w crnt path fx, l femr, 7thD",2
"Sprain of unspecified ligament of left ankle, subs encntr",2
"Displ oblique fx shaft of humer, r arm, 7thD",2
"Sprain of unspecified site of right knee, subs encntr",2
Other complications of amputation stump,2
Acute bronchospasm,2
Other complications of skin graft (allograft) (autograft),2
"Staphylococcal arthritis, right knee",2
Other constipation,2
"Encntr for surgical aftcr fol surgery on the skin, subcu",2
"Fx unsp carpal bone, left wrist, subs for fx w routn heal",2
"Infect/inflm reaction due to int fix of site, init",2
Other neurologic disorders in Lyme disease,2
Acute systolic (congestive) heart failure,2
Other pancytopenia,2
Trigeminal neuralgia,2
Chronic pulmonary embolism,2
"Infection following a procedure, other surgical site, subs",2
Other sequelae of nontraumatic intracerebral hemorrhage,2
Cellulitis of abdominal wall,2
Other specified diseases of anus and rectum,2
Influenza due to oth ident influenza virus w oth manifest,2
Other specified polyneuropathies,2
Chronic venous hypertension w ulcer of bilateral low extrm,2
Other specified soft tissue disorders,2
"Unsp disp fx of 7th cervcal vert, subs for fx w routn heal",2
"Other spondylosis with radiculopathy, lumbar region",2
"Instability of internal right knee prosthesis, subs encntr",2
Other symp and signs w cogn fnctns fol ntrm intcrbl hemor,2
Copper deficiency,2
Other viral pneumonia,2
"Unsp fracture of right wrs/hnd, subs for fx w routn heal",2
"Paraplegia, unspecified",2
"Unsp fracture of sternum, subs for fx w routn heal",2
"Age-rel osteopor w crnt path fx, r forearm, 7thD",2
"Unsp fx head of right femur, subs for clos fx w routn heal",2
"Pathological fracture, oth site, subs for fx w routn heal",2
"Unsp fx lower end of l tibia, subs for clos fx w routn heal",2
"Pathological fracture, right femur, subs for fx w routn heal",2
"Ant displ Type II dens fracture, subs for fx w routn heal",2
"Acute pericarditis, unspecified",2
Cerebral atherosclerosis,2
"Periprosth fracture around internal prosth l hip jt, subs",2
"Displ commnt fx shaft of humer, r arm, 7thD",2
Peritoneal abscess,2
Chronic systolic (congestive) heart failure,2
Pneumonia due to Mycoplasma pneumoniae,2
"Lumbago with sciatica, right side",2
Pneumonia due to Pseudomonas,2
Chr emblsm and thombos unsp deep veins of r dist low extrm,2
"Gangrene, not elsewhere classified",2
Unspecified atrial flutter,2
"Age-rel osteopor w crnt path fx, r low leg, 7thD",2
Acute embolism and thombos unsp deep veins of r low extrem,2
Gastroparesis,2
"Unspecified dementia, unspecified severity, with agitation",2
Polymyalgia rheumatica,2
Unspecified protein-calorie malnutrition,2
"Diffuse large B-cell lymphoma, unspecified site",2
Unspecified viral hepatitis C without hepatic coma,2
Postherpetic trigeminal neuralgia,2
Varicos vn of r low extrem w ulc oth prt low extrm & inflam,2
"Bipolar disorder, unspecified",2
"Malignant neoplasm of brain, unspecified",2
"Collapsed vert, NEC, lumbar region, subs for fx w delay heal",2
"Pressure ulcer of left buttock, unstageable",2
Occlusion and stenosis of bilateral vertebral arteries,2
"Wedge comprsn fx second lum vert, subs for fx w routn heal",2
Aneurysm of other specified arteries,1
"Discitis, unspecified, thoracic region",1
"Unspecified dislocation of right shoulder joint, subs encntr",1
"Local-rel symptc epi w cmplx prt seiz,not ntrct,w/o stat epi",1
"Acute myeloblastic leukemia, not having achieved remission",1
Crohn's disease of small intestine w intestinal obstruction,1
Chronic pain due to trauma,1
Low back pain,1
"Hypersomnia, unspecified",1
"Lumbago with sciatica, left side",1
Secondary and unsp malignant neoplasm of intra-abd nodes,1
Drug induced acute dystonia,1
"Strain of musc/tend the rotator cuff of left shoulder, subs",1
"Lyme disease, unspecified",1
Cellulitis of left upper limb,1
Drug induced acute pancreatitis without necrosis or infct,1
"Unsp intestnl obst, unsp as to partial versus complete obst",1
"Major depressive disorder, recurrent, moderate",1
Varicose veins of left lower extremity with ulcer of calf,1
Encounter for other specified surgical aftercare,1
"Broken internal left hip prosthesis, subsequent encounter",1
"Major depressive disorder, single episode, moderate",1
"I/I react d/t cystostomy catheter, subsequent encounter",1
"Crohn's disease, unspecified, with intestinal obstruction",1
Sick sinus syndrome,1
"Major depressv disord, single epsd, severe w psych features",1
"Infct fol a procedure, organ and space surgical site, subs",1
"Major depressv disorder, recurrent severe w/o psych features",1
"Thrombosis due to vascular prosth dev/grft, subs",1
"Malig neoplm of conn and soft tiss of left low limb, inc hip",1
Candidal stomatitis,1
Malignant carcinoid tumor of the stomach,1
"Acute pancreatitis with uninfected necrosis, unspecified",1
"Malignant melanoma of right upper limb, including shoulder",1
"Disp fx of greater tuberosity of l humer, 7thD",1
Malignant neoplasm of anal canal,1
"Laceration with foreign body, left knee, subs encntr",1
"Malignant neoplasm of anus, unspecified",1
"Unspecified open wound, right thigh, initial encounter",1
Acc pnctr & lac of a GU sys org during a GU sys procedure,1
"Local infection of the skin and subcutaneous tissue, unsp",1
"Disp fx of prox phalanx of l idx fngr, 7thD",1
Alcohol-induced chronic pancreatitis,1
Malignant neoplasm of cecum,1
Pressure-induced deep tissue damage of left heel,1
"Enterocolitis due to Clostridium difficile, recurrent",1
Hypovolemia,1
Aphasia following other nontraumatic intracranial hemorrhage,1
Rheumatoid vasculitis w rheumatoid arthritis mult site,1
Enteropathogenic Escherichia coli infection,1
"Secondary parkinsonism, unspecified",1
Drug-induced polyneuropathy,1
Calculus of bile duct w/o cholangitis or cholecyst w/o obst,1
Malignant neoplasm of frontal lobe,1
"Complete traumatic amputation of left great toe, init encntr",1
Malignant neoplasm of gallbladder,1
STEMI involving oth coronary artery of inferior wall,1
"Epidural hemorrhage w/o loss of consciousness, subs encntr",1
Sunburn of third degree,1
Malignant neoplasm of left ovary,1
"Traum subdr hem w LOC of 30 minutes or less, subs",1
"Epilepsy, unsp, intractable, without status epilepticus",1
Type 1 diabetes mellitus with hyperglycemia,1
"Crushing injury of left foot, subsequent encounter",1
"Infect/inflm reaction due to oth internal joint prosth, init",1
Malignant neoplasm of parietal lobe,1
"Unsp dislocation of left acromioclavicular joint, subs",1
Malignant neoplasm of posterior mediastinum,1
"Unsp fracture of left wrs/hnd, subs for fx w routn heal",1
Achalasia of cardia,1
Acute interstitial pneumonitis,1
Malignant neoplasm of splenic flexure,1
"Disp fx of lateral end l clavicle, subs for fx w routn heal",1
"Malignant neoplasm of tonsil, unspecified",1
"Unsp open wound of right eyelid and periocular area, subs",1
Erosive (osteo)arthritis,1
"Laceration without foreign body of left forearm, subs encntr",1
"Displ oblique fx shaft of r tibia, 7thD",1
"Unspecified open wound, left knee, subsequent encounter",1
Acute kidney failure with tubular necrosis,1
Unspecified systolic (congestive) heart failure,1
Cutaneous abscess of chest wall,1
"Disp fx of olecran pro w/o intartic extn l ulna, 7thD",1
"Malignant neoplasm of uterus, part unspecified",1
"Pressure ulcer of left buttock, stage 1",1
Malignant neoplasm of vertebral column,1
Bladder-neck obstruction,1
"Malignant neoplasm of vulva, unspecified",1
Acute bronchitis due to other specified organisms,1
"Maxillary fracture, right side, 7thD",1
"Bronchopneumonia, unspecified organism",1
"Mech compl of coronary artery bypass graft, subs encntr",1
Primary lateral sclerosis,1
"Mech compl of gastrointestinal prosth dev/grft, subs",1
"Pulmonary hypertension, unspecified",1
"Mech compl of indwelling urethral catheter, subs",1
Raynaud's syndrome with gangrene,1
"Mech compl of int fix of bone of left lower leg, subs",1
"Chronic osteomyelit w draining sinus, right tibia and fibula",1
Esophageal obstruction,1
"I/I react d/t other urinary catheter, subsequent encounter",1
Esophageal varices with bleeding,1
Secondary malignant neoplasm of breast,1
"Mech compl of internal left knee prosthesis, subs encntr",1
Sepsis due to Methicillin resistant Staphylococcus aureus,1
Esophageal varices without bleeding,1
Slow transit constipation,1
"Esophagitis, unspecified without bleeding",1
"Spinal stenosis, thoracolumbar region",1
"Mech compl of other internal joint prosthesis, subs encntr",1
"Sprain of lateral collateral ligament of left knee, subs",1
"Mech compl of ventricular intracranial shunt, subs",1
"Squamous cell carcinoma skin/ left lower limb, including hip",1
"Mech loosening of internal right hip prosthetic joint, init",1
"Staphylococcal arthritis, left knee",1
"Mech loosening of internal right knee prosthetic joint, init",1
"Infect/inflm reaction due to cardiac valve prosthesis, subs",1
"Dvrtclos of intest, part unsp, w/o perf or abscess w bleed",1
"Strain of right quadriceps muscle, fascia and tendon, init",1
"Mechanical loosening of oth internal prosthetic joint, subs",1
"Syphilis, unspecified",1
"Displ simp suprcndl fx w/o intrcndl fx l humer, 7thD",1
"Infect/inflm reaction due to int fix of spine, init",1
Mesothelioma of other sites,1
"Displacement of implnt elec nstim of spinal cord lead, subs",1
"Arthritis due to other bacteria, right elbow",1
"Trochanteric bursitis, left hip",1
Chronic venous hypertension w/o comp of bilateral low extrm,1
Candidal cystitis and urethritis,1
"Extradural and subdural abscess, unspecified",1
"Carpal tunnel syndrome, bilateral upper limbs",1
Mild protein-calorie malnutrition,1
"Type III traum spondylolysis of 2nd cervcal vert, 7thD",1
Mixed irritable bowel syndrome,1
"Unsp athscl native arteries of extremities, left leg",1
Extrnod mrgnl zn B-cell lymph of mucosa-assoc lymphoid tiss,1
"Disp fx of base of nk of r femr, subs for clos fx w nonunion",1
Monoplg low lmb fol cerebral infrc aff right dominant side,1
"Unsp fracture of left calcaneus, subs for fx w routn heal",1
Monoplg upr lmb fol cerebral infrc aff left dominant side,1
"Disp fx of epiphy (separation) (upper) of r femr, 7thD",1
Monoplg upr lmb fol cerebral infrc aff left nondom side,1
"Unsp fx fourth thor vertebra, subs for fx w routn heal",1
Monoplg upr lmb fol cerebral infrc aff right dominant side,1
"Unsp fx lower end of r tibia, subs for clos fx w routn heal",1
Cutaneous abscess of face,1
"Disp fx of lateral condyle of r femr, 7thD",1
Facial weakness following cerebral infarction,1
"Disp fx of lateral end r clavicle, subs for fx w routn heal",1
"Age-rel osteopor w crnt path fx, l shldr, 7thD",1
"Unsp nondisp fx of surg nk of l humer, 7thD",1
"Arthropathy, unspecified",1
"Laceration with foreign body, left ankle, initial encounter",1
Cutaneous abscess of left axilla,1
"Laceration without foreign body of left buttock, subs encntr",1
Ataxia following nontraumatic subarachnoid hemorrhage,1
"Unspecified dementia, severe, with other behavioral disturb",1
Atherosclerosis of aorta,1
Unspecified mood [affective] disorder,1
Multi-system degeneration of the autonomic nervous system,1
"Unspecified open wound, right ankle, subsequent encounter",1
Multisystem inflammatory syndrome,1
"Disp fx of olecran pro w intartic extn r ulna, 7thD",1
Muscle spasm of back,1
Varicos vn of r low extrem w ulc of calf and inflammation,1
Fistula of intestine,1
"Vascular comp fol infusn, tranfs and theraputc inject, subs",1
Muscle weakness (generalized),1
Waldenstrom macroglobulinemia,1
Flaccid hemiplegia affecting right dominant side,1
"Local-rel symptc epi w cmplx partial seiz, ntrct, w stat epi",1
"Myalgia, other site",1
Abscess of vulva,1
"Myalgia, unspecified site",1
Dilated cardiomyopathy,1
"Flail chest, subs encntr for fracture with routine healing",1
"Pressure ulcer of left hip, unstageable",1
Flu due to oth ident flu virus w unsp type of pneumonia,1
"Ac emblsm and thombos unsp deep veins of dist low extrm, bi",1
"Myelodysplastic syndrome, unspecified",1
Acute bronchitis due to rhinovirus,1
Acute embolism and thrombosis of deep vein of r low extrem,1
"Bronchiectasis, uncomplicated",1
"Necrosis of amputation stump, left lower extremity",1
"Burn of second degree of buttock, subsequent encounter",1
Neoplasm of uncertain behavior of skin,1
Hypotension due to drugs,1
Dvrtclos of lg int w/o perforation or abscess w/o bleeding,1
"Primary osteoarthritis, left wrist",1
Cutaneous abscess of right axilla,1
Colostomy malfunction,1
"Neutropenia, unspecified",1
Pustulosis palmaris et plantaris,1
Flu due to unidentified influenza virus w oth resp manifest,1
"Burn of third degree of right lower leg, subs encntr",1
"Nondisp commnt fx shaft of humer, l arm, 7thD",1
Relapsing panniculitis [Weber-Christian],1
"Nondisp fx of 1st metatarsal bone, r ft, 7thD",1
Restless legs syndrome,1
"Nondisp fx of 5th metatarsal bone, l ft, 7thD",1
Acute pain due to trauma,1
"Nondisp fx of acromial pro, r shldr, 7thD",1
"Sacroiliitis, not elsewhere classified",1
"Nondisp fx of base of nk of r femr, 7thD",1
Idiopathic acute pancreatitis without necrosis or infection,1
"Fluid overload, unspecified",1
"Disp fx of 2nd metatarsal bone, l ft, 7thD",1
"Nondisp fx of greater trochanter of r femr, 7thD",1
Secondary malignant neoplasm of retroperiton and peritoneum,1
"Nondisp fx of greater tuberosity of l humer, 7thD",1
Sepsis due to Escherichia coli [E coli],1
"Follicular lymphoma grade III, unsp, lymph nodes mult site",1
"Sepsis following a procedure, initial encounter",1
"Nondisp fx of head of l rad, subs for clos fx w routn heal",1
Skin graft (allograft) rejection,1
"Nondisp fx of l radial styloid pro, 7thD",1
"Disp fx of 3rd metatarsal bone, l ft, 7thD",1
"Nondisp fx of lateral end l clavicle, 7thD",1
Inclusion body myositis [IBM],1
"Nondisp fx of med condyle of l tibia, 7thD",1
"Disp fx of ant column of l acetab, subs for fx w routn heal",1
"Nondisp fx of med cuneiform of l ft, 7thD",1
"Spondyls w/o myelopathy or radiculopathy, cervicothor region",1
"Nondisp fx of med malleolus of l tibia, 7thD",1
"Sprain of other specified parts of left knee, subs encntr",1
"Nondisp fx of navicular of l foot, subs for fx w routn heal",1
"Concussion without loss of consciousness, subs encntr",1
"Nondisp fx of neck of l rad, subs for clos fx w routn heal",1
"Stable burst fx first lum vertebra, subs for fx w routn heal",1
"Nondisp fx of neck of r rad, subs for clos fx w routn heal",1
"Stable burst fx third thor vert, subs for fx w routn heal",1
"Nondisp fx of olecran pro w/o intartic extn l ulna, 7thD",1
STEMI involving left main coronary artery,1
"Nondisp fx of r radial styloid pro, 7thD",1
"Stenosis due to nervous system prosth dev/grft, subs",1
"Follicular lymphoma, unspecified, intrathoracic lymph nodes",1
"Strain of musc/fasc/tend at thigh level, right thigh, subs",1
"Food in pharynx causing other injury, subsequent encounter",1
"Strain of muscle, fascia and tendon at neck level, subs",1
"Nondisp oblique fx shaft of l fibula, 7thD",1
"Strain of unsp musc/tend at lower leg level, left leg, subs",1
"Nondisp subtrochnt fx r femur, subs for clos fx w routn heal",1
Syncope and collapse,1
"Nondisp suprcndl fx w intrcndl extn low end r femr, 7thD",1
"Thoracic aortic aneurysm, without rupture, unspecified",1
"Foot drop, left foot",1
"Toxic effect of carb monx from mtr veh exhaust, acc, subs",1
"Nondisp Zone III fx sacrum, subs for fx w routn heal",1
"Traum hemor left cerebrum w/o loss of consciousness, subs",1
"Displ commnt fx shaft of l femr, 7thD",1
Calculus of kidney,1
Non-prs chr ulc unsp prt of r low leg limited to brkdwn skin,1
"Traumatic arthropathy, left knee",1
Fournier disease of vagina and vulva,1
"Traumatic pneumothorax, subsequent encounter",1
Non-prs chr ulcer of right heel and midft w fat layer expos,1
"Tubulo-interstitial nephritis, not spcf as acute or chronic",1
Non-prs chronic ulcer of right ankle w fat layer exposed,1
Type 1 diabetes mellitus with other specified complication,1
Non-prs chronic ulcer oth prt l foot limited to brkdwn skin,1
Type 2 diabetes mellitus with diabetic amyotrophy,1
Chronic venous htn w ulcer and inflam of bilateral low extrm,1
Carbuncle of left lower limb,1
Non-prs chronic ulcer oth prt left foot w fat layer exposed,1
"Carpal tunnel syndrome, right upper limb",1
Non-prs chronic ulcer oth prt left foot w necrosis of bone,1
Cellulitis of back [any part except buttock],1
Non-prs chronic ulcer oth prt left foot w necrosis of muscle,1
"Contusion of abdominal wall, subsequent encounter",1
Non-prs chronic ulcer oth prt r foot limited to brkdwn skin,1
"Unqualified visual loss, both eyes",1
"Fracture of coccyx, subs for fx w routn heal",1
Cellulitis of right finger,1
Cutaneous abscess of right lower limb,1
"Acute pancreatitis with infected necrosis, unspecified",1
Non-prs chronic ulcer skin/ other sites with oth severity,1
"Unsp disp fx of surg neck of r humer, subs for fx w nonunion",1
Chronic venous hypertension w/o comp of r low extrem,1
"Infrarenal abdominal aortic aneurysm, without rupture",1
Acute cholecystitis with chronic cholecystitis,1
"Contusion of lower back and pelvis, subsequent encounter",1
Nontraumatic chronic subdural hemorrhage,1
"Contusion of unspecified front wall of thorax, subs encntr",1
"Displ commnt fx shaft of r fibula, 7thD",1
"Intcran inj w/o loss of consciousness, subs encntr",1
Nontraumatic intracerebral hemorrhage in cerebellum,1
Adjustment disorder with other symptoms,1
Dvtrcli of lg int w/o perforation or abscess w bleeding,1
"Displ commnt fx shaft of humer, l arm, 7thD",1
"Fracture of orbital floor, left side, 7thD",1
"Intvrt disc disorders w radiculopathy, lumbosacral region",1
Obstruction of bile duct,1
"Unsp fx navicular bone of l wrist, subs for fx w routn heal",1
Obstruction of duodenum,1
Acute embolism and thrombosis of right femoral vein,1
"Fracture of orbital floor, right side, 7thD",1
Kidney transplant infection,1
"Fracture of oth parts of pelvis, subs for fx w routn heal",1
"Cervical disc disorder with myelopathy, unsp cervical region",1
Occlusion and stenosis of basilar artery,1
Dissection of unspecified site of aorta,1
"Fracture of superior rim of left pubis, init for clos fx",1
Chondrocostal junction syndrome [Tietze],1
Friedreich ataxia,1
"Unsp open wound of left great toe w damage to nail, subs",1
Dvtrcli of lg int w/o perforation or abscess w/o bleeding,1
"Unsp opn wnd r bk wl of thorax w/o penet thor cavity, subs",1
Occlusion and stenosis of left middle cerebral artery,1
"Unsp superficial injury of left lower leg, subs encntr",1
Occlusion and stenosis of right carotid artery,1
Unspecified age-related cataract,1
"Wedge comprsn fx T5-T6 vertebra, subs for fx w routn heal",1
Unspecified bacterial pneumonia,1
Cutaneous abscess of right upper limb,1
"Unspecified dementia, mild, without beh/psych/mood/anx",1
Cognitive social or emo def following cerebral infarction,1
"Disp fx of med wall of r acetab, subs for fx w routn heal",1
Wernicke's encephalopathy,1
"Unspecified injury of head, subsequent encounter",1
"Zygomatic fracture, right side, 7thD",1
"Unspecified open wound of right forearm, subs encntr",1
"Osteomyelitis of vertebra, sacral and sacrococcygeal region",1
Chronic embolism and thombos unsp deep veins of r low extrem,1
"Osteomyelitis of vertebra, thoracolumbar region",1
"Disp fx of neck of left rad, subs for clos fx w routn heal",1
"Osteonecrosis due to drugs, jaw",1
"Laceration without foreign body, left lower leg, init encntr",1
"Osteophyte, left shoulder",1
"Unspecified sprain of right shoulder joint, subs encntr",1
"Oth comp fol infusion, transfuse and theraputc inject, subs",1
Legionnaires' disease,1
Dvtrcli of sm int w perforation and abscess w/o bleeding,1
Varicose veins of bi low extrem w oth complications,1
"Oth complication of other internal prosth dev/grft, subs",1
Varicose veins of r low extrem with other complications,1
Acute on chronic combined systolic and diastolic hrt fail,1
Chronic lymphocytic leukemia of B-cell type in remission,1
"Cystitis, unspecified without hematuria",1
Vitamin B12 defic anemia due to intrinsic factor deficiency,1
Oth demyelinating diseases of central nervous system,1
Aftercare following explantation of hip joint prosthesis,1
"Oth disorders of plasma-protein metabolism, NEC",1
"Local-rel symptc epi w cmplx part seiz, ntrct, w/o stat epi",1
"Oth disp fx of second cervcal vert, subs for fx w routn heal",1
"Prepatellar bursitis, left knee",1
"Oth disp fx of upper end l humer, subs for fx w routn heal",1
"2-part nondisp fx of surg nk of l humer, 7thD",1
"Disp fx of shaft of right clavicle, subs for fx w routn heal",1
"Collapsed vert, NEC, thrclm region, subs for fx w routn heal",1
"Oth disrd of bone density and structure, left lower leg",1
"Diffuse TBI w/o loss of consciousness, subs",1
"Oth disrd of bone density and structure, left thigh",1
Alcoholic hepatic failure without coma,1
"Oth disrd of bone density and structure, other site",1
"Pressure ulcer of left hip, stage 3",1
"Oth disrd of bone density and structure, right ank/ft",1
Hypertensive emergency,1
"Oth enthesopathies of right lower limb, excluding foot",1
"Pressure ulcer of other site, stage 4",1
"Oth extrartic fx low end r rad, 7thD",1
"Breakdown (mechanical) of muscle and tendon graft, init",1
"Fx unsp part of neck of r femur, subs for clos fx w nonunion",1
Chronic venous htn w ulcer and inflammation of r low extrem,1
Dysphagia following nontraumatic intracerebral hemorrhage,1
"Pressure ulcer of right heel, stage 2",1
"Collapsed vert, NEC, cerv region, subs for fx w routn heal",1
"Collapsed vertebra, NEC, site unsp, subs for fx w routn heal",1
Chronic or unspecified duodenal ulcer with hemorrhage,1
"Pressure ulcer of right hip, stage 3",1
"Oth fracture of right femur, subs for clos fx w routn heal",1
"Burn of second degree of abdominal wall, subs encntr",1
"Displ suprcndl fx w intrcndl extn low end l femr, 7thK",1
"2-part disp fx of surg nk of r humer, 7thD",1
"Oth fracture of right talus, subs for fx w routn heal",1
Pressure-induced deep tissue damage of right buttock,1
"Oth fracture of shaft of r humerus, subs for fx w nonunion",1
"Burn of second degree of forehead and cheek, subs encntr",1
"Fx unsp part of scapula, l shldr, subs for fx w routn heal",1
"Primary osteoarthritis, left shoulder",1
"Oth fx lower end of r femur, subs for clos fx w routn heal",1
"Primary osteoarthritis, right ankle and foot",1
"Oth fx of lower end left rad, subs for clos fx w routn heal",1
Progressive multifocal leukoencephalopathy,1
"Oth fx of lower end r radius, subs for clos fx w routn heal",1
"Prph tear of medial meniscus, current injury, l knee, subs",1
Gangrene and necrosis of lung,1
"Pure hypercholesterolemia, unspecified",1
"Oth fx upper end of left ulna, subs for clos fx w routn heal",1
"Burn of third degree of abdominal wall, subsequent encounter",1
"Acute pharyngitis, unspecified",1
"Radiculopathy, cervical region",1
Acute embolism and thrombosis of right internal jugular vein,1
"Radiculopathy, lumbosacral region",1
"Oth generalized epilepsy, not intractable, w/o stat epi",1
"Dislocation of C4/C5 cervical vertebrae, subs encntr",1
"Oth inflammatory and immune myopathies, NEC",1
Renovascular hypertension,1
"Oth intartic fx low end l rad, subs for clos fx w routn heal",1
"Acute maxillary sinusitis, unspecified",1
Abscess of the breast and nipple,1
Calculus in bladder,1
"Oth nondisp fx of 3rd cervcal vert, subs for fx w routn heal",1
"Dislocation of other internal joint prosthesis, subs encntr",1
Gastrostomy malfunction,1
Rheumatoid myopathy w rheumatoid arthritis of multiple sites,1
Acute lymphadenitis of lower limb,1
Anal abscess,1
Athscl native art of left leg with ulcer oth prt low leg,1
Saddle embolus of pulmonary artery w/o acute cor pulmonale,1
"Oth paralytic syndrome following cerebral infrc, bilateral",1
Calculus of bile duct w acute cholangitis with obstruction,1
Oth parlyt syndrome fol cerebral infrc aff left nondom side,1
"Idiopathic gout, left ankle and foot",1
"Wedge comprsn fx fourth lum vert, subs for fx w routn heal",1
"Disp fx of 1st metatarsal bone, r ft, 7thD",1
"Disp fx of olecran pro w/o intartic extn r ulna, 7thD",1
"Idiopathic gout, right ankle and foot",1
Oth postproc complications and disorders of nervous sys,1
Secondary malignant neoplasm of mediastinum,1
Oth postprocedural complications and disorders of dgstv sys,1
"Secondary osteoarthritis, right wrist",1
Oth sequelae following nontraumatic subarachnoid hemorrhage,1
"Idiopathic gout, right knee",1
Oth symptoms and signs w cognitive functions and awareness,1
"Idiopathic gout, right wrist",1
Oth transient cerebral ischemic attacks and related synd,1
Sepsis due to other specified staphylococcus,1
"Other acute osteomyelitis, right ankle and foot",1
Calculus of bile duct w chronic cholecyst w/o obstruction,1
Other acute postprocedural pain,1
"Iliotibial band syndrome, right leg",1
Other Alzheimer's disease,1
Sleep related leg cramps,1
"Other cervical disc degeneration, cervicothoracic region",1
Immune thrombocytopenic purpura,1
"Other cervical disc degeneration, high cervical region",1
"Spinal stenosis, cervicothoracic region",1
"Other cervical disc degeneration, unsp cervical region",1
Calculus of bile duct with acute cholangitis w/o obstruction,1
Other cholangitis,1
"Spinal stenosis, thoracic region",1
"Other chondrocalcinosis, left knee",1
"Infct fol a proc, superfic incisional surgical site, init",1
"Other chondrocalcinosis, right knee",1
"Spondylolisthesis, lumbosacral region",1
Athscl native art of right leg with ulcer oth prt low leg,1
Acute rheumatic endocarditis,1
Other chronic pancreatitis,1
"Spontaneous rupture of other tendons, left thigh",1
Other chronic postprocedural pain,1
"Sprain of medial collateral ligament of right knee, subs",1
"Collapsed vert, NEC, cervicothor rgn, 7thD",1
"Sprain of posterior cruciate ligament of right knee, subs",1
Other comp of incontinent external stoma of urinary tract,1
Chronic myeloproliferative disease,1
"Gram-negative sepsis, unspecified",1
Squamous cell carcinoma of skin of scalp and neck,1
Other complications of gastrostomy,1
Calculus of gallbladder w acute cholecyst w/o obstruction,1
"Displ transverse fx shaft of l tibia, 7thF",1
"Stable burst fx fourth lum vert, subs for fx w routn heal",1
"2-part disp fx of surg nk of l humer, 7thD",1
"Infct of obstetric surgical wound, superfic incisional site",1
Other cystitis without hematuria,1
"Infect/inflm react due to oth int orth prosth dev/grft, init",1
Other disorder of circulatory system,1
"Infect/inflm react due to oth int prosth dev/grft, sequela",1
Other encephalopathy,1
STEMI involving oth coronary artery of anterior wall,1
"Other epilepsy, not intractable, without status epilepticus",1
STEMI involving oth sites,1
Other frontotemporal dementia,1
"Strain of flexor musc/fasc/tend r thm at forarm lv, subs",1
Other Gram-negative sepsis,1
"Strain of msl/fasc/tnd post grp at thi lev, left thigh, subs",1
Other hypertrophic cardiomyopathy,1
"Strain of musc/fasc/tend prt biceps, right arm, subs",1
Other hypotension,1
"Strain of musc/tend the rotator cuff of right shoulder, subs",1
"Other idiopathic scoliosis, lumbar region",1
"Infect/inflm reaction due to int fix of right tibia, subs",1
"Other idiopathic scoliosis, thoracic region",1
"Strain of right quadriceps muscle, fascia and tendon, subs",1
"Other infection due to central venous catheter, init encntr",1
"Stress fracture, left tibia, subs for fx w routn heal",1
"Other injury of stomach, subsequent encounter",1
"Superior glenoid labrum lesion of right shoulder, subs",1
"Other instability, right knee",1
"Synovial cyst of popliteal space [Baker], left knee",1
"Athscl native arteries of extremities w gangrene, left leg",1
Syringomyelia and syringobulbia,1
"Other intervertebral disc disorders, lumbar region",1
"Displaced pilon fx left tibia, subs for clos fx w routn heal",1
"Other intervertebral disc displacement, lumbar region",1
Tinea unguium,1
"Other intervertebral disc displacement, lumbosacral region",1
"Toxic effect of oth metals, accidental (unintentional), subs",1
Dysphonia,1
"Traum hemor cereb, w/o loss of consciousness, subs",1
"Other migraine, not intractable, with status migrainosus",1
"Traum hemor right cerebrum w LOC of unsp duration, subs",1
"Other myositis, multiple sites",1
"Displaced unsp fx right great toe, subs for fx w routn heal",1
Acute embolism and thrombosis of right popliteal vein,1
"Traum subdr hem with LOC status unknown, subs",1
Other obstructive and reflux uropathy,1
Calculus of ureter,1
"Hemiplegic migraine, intractable, without status migrainosus",1
"Traumatic hemopneumothorax, subsequent encounter",1
Other partial intestinal obstruction,1
"Traumatic ischemia of muscle, subsequent encounter",1
Other pericardial effusion (noninflammatory),1
Acute gastric ulcer with hemorrhage,1
"Athscl native arteries of extremities w gangrene, right leg",1
"Contracture, right hand",1
"Other pneumonia, unspecified organism",1
Type 1 diabetes mellitus with foot ulcer,1
Other postherpetic nervous system involvement,1
Type 1 diabetes mellitus with hypoglycemia without coma,1
Other pulmonary collapse,1
Type 1 diabetes mellitus without complications,1
Other pulmonary embolism with acute cor pulmonale,1
"Disp fx of base of nk of l femr, 7thG",1
Acute embolism and thrombosis of right tibial vein,1
"Infect/inflm reaction due to internal right hip prosth, init",1
Other right bundle-branch block,1
Candidiasis of vulva and vagina,1
Athscl native cor art of txplt heart w unstable angina,1
"Cardiomyopathy, unspecified",1
Hemiplga fol oth ntrm intcrn hemor aff left dominant side,1
"Contus/lac/hem crblm w/o loss of consciousness, subs",1
Other sequelae of other nontraumatic intracranial hemorrhage,1
Cellulitis and abscess of mouth,1
Other specified anemias,1
"Infect/inflm reaction due to oth internal joint prosth, subs",1
"Other specified arthritis, right hip",1
Cellulitis of groin,1
Other specified bacterial intestinal infections,1
"Ulcerative colitis, unspecified, without complications",1
Other specified cardiac arrhythmias,1
Cellulitis of left toe,1
Abscess of prostate,1
Cellulitis of perineum,1
Other specified disorders of brain,1
"Unsp athscl native arteries of extremities, bilateral legs",1
Other specified disorders of muscle,1
"Displacement of internal fixation device of left femur, subs",1
Other specified disorders of veins,1
"Infection of amputation stump, left lower extremity",1
Other specified forms of tremor,1
"Acute embolism and thombos of calf muscular vein, bilateral",1
Other specified pleural conditions,1
"Infectious gastroenteritis and colitis, unspecified",1
Acute bronchiolitis due to respiratory syncytial virus,1
Adhesive capsulitis of right shoulder,1
Other specified sepsis,1
Cellulitis of umbilicus,1
"Alcohol abuse, uncomplicated",1
"Unsp focal TBI w LOC of unsp duration, subs",1
"Other spondylosis with myelopathy, cervical region",1
"Unsp fracture of left acetabulum, subs for fx w routn heal",1
"Other spondylosis with myelopathy, thoracic region",1
"Central cord syndrome at C2, subs",1
"Other spondylosis with radiculopathy, cervical region",1
"Disp fx of body of scapula, r shldr, 7thD",1
"Effusion, right ankle",1
"Unsp fracture of r low leg, subs for clos fx w routn heal",1
"Other spondylosis with radiculopathy, lumbosacral region",1
"Central retinal artery occlusion, left eye",1
"Other spondylosis, lumbar region",1
Adjustment disorder with mixed anxiety and depressed mood,1
Other spontaneous disruption of unsp ligament of right knee,1
Interstitial cystitis (chronic) with hematuria,1
"Other sprain of left thumb, subsequent encounter",1
"Unsp fracture of unsp pubis, subs for fx w routn heal",1
"Other streptococcal arthritis, right shoulder",1
"Unsp fx fourth lum vertebra, subs for fx w routn heal",1
Alcohol depend w alcoh-induce persisting amnestic disorder,1
"Unsp fx head of left femur, subs for clos fx w routn heal",1
Other symp and signs w cogn fnctns fol ntrm subarach hemor,1
"Disp fx of greater trochanter of r femr, 7thD",1
Other symp and signs w cogn fnctns fol unsp cerebvasc dis,1
Intraspinal abscess and granuloma,1
Basal cell carcinoma skin/ r ear and external auric canal,1
Intvrt disc stenosis of neural canal of lumbar region,1
Other viral enteritis,1
"Unsp fx lower end of r ulna, subs for clos fx w routn heal",1
Hemiplga following ntrm intcrbl hemor aff left nondom side,1
"Angioneurotic edema, subsequent encounter",1
Overactive bladder,1
"Ant disp fx of sternal end r clavicle, 7thD",1
Acute lymphoblastic leukemia not having achieved remission,1
"Displ oblique fx shaft of l fibula, 7thD",1
Pain in right lower leg,1
"Unsp fx shaft of left ulna, subs for clos fx w routn heal",1
Panic disorder [episodic paroxysmal anxiety],1
"Lac w/o fb of unsp lesser toe(s) w/o damage to nail, subs",1
Parainfluenza virus pneumonia,1
"Laceration w/o fb of left eyelid and periocular area, subs",1
Paralytic ileus,1
"Unsp fx third MC bone, left hand, subs for fx w routn heal",1
Hemiplga following ntrm subarach hemor aff left nondom side,1
"Unsp fx upper end of r humerus, subs for fx w nonunion",1
"Dermatopolymyositis, unsp, organ involvement unspecified",1
"Disp fx of lateral malleolus of l fibula, 7thD",1
Benign carcinoid tumors of other sites,1
Antiphospholipid syndrome,1
Benign neoplasm of cerebral meninges,1
"Unsp nondisp fx of 1st cervcal vert, 7thD",1
"Path fracture in neoplastic disease, r shoulder, init",1
"Unsp occipital condyle fracture, subs for fx w routn heal",1
"Path fx in neopltc dis, l femur, subs for fx w routn heal",1
"Unsp open wound of left great toe w/o damage to nail, subs",1
Hemorrhage of anus and rectum,1
"Unsp opn wnd left lesser toe(s) w/o damage to nail, subs",1
"Path fx in neopltc dis, r femur, subs for fx w routn heal",1
"Unsp opn wnd right lesser toe(s) w/o damage to nail, subs",1
Hepatic encephalopathy,1
"Unsp rotatr-cuff tear/ruptr of right shoulder, not trauma",1
"Displ trimalleol fx r low leg, 7thE",1
"Unsp traum displ spondylolysis of sixth cervcal vert, 7thD",1
Perforation of intestine (nontraumatic),1
"Disp fx of low epiphy (separation) of l femr, 7thD",1
Pericardial effusion (noninflammatory),1
"Disp fx of med condyle of r femr, 7thD",1
"Hereditary and idiopathic neuropathy, unspecified",1
"Laceration without foreign body of left forearm, init encntr",1
"Hereditary ataxia, unspecified",1
"Disp fx of med malleolus of r tibia, 7thD",1
"Effusion, right shoulder",1
"Laceration without foreign body of left hand, subs encntr",1
"Benign paroxysmal vertigo, left ear",1
"Laceration without foreign body of nose, subs encntr",1
"Persistent postprocedural fistula, initial encounter",1
Adult hypertrophic pyloric stenosis,1
Pick's disease,1
"Laceration without foreign body of scalp, subs encntr",1
Pilonidal cyst without abscess,1
"Disp fx of medial condyle of l humer, subs for fx w malunion",1
Plasma cell leukemia not having achieved remission,1
"Unspecified kyphosis, cervicothoracic region",1
"Diffuse large B-cell lymphoma, lymph nodes of multiple sites",1
Unspecified mycosis,1
Hidradenitis suppurativa,1
"Unspecified open wound of right upper arm, subs encntr",1
Pneumonia due to other specified infectious organisms,1
"Disp fx of navicular of left foot, subs for fx w routn heal",1
"Ehlers-Danlos syndrome, unspecified",1
"Unspecified open wound, left thigh, initial encounter",1
"Hydronephrosis w ureteral stricture, NEC",1
"Unspecified open wound, right knee, subsequent encounter",1
Benign prostatic hyperplasia with lower urinary tract symptoms,1
Chronic inflammatory demyelinating polyneuritis,1
"Bicipital tendinitis, right shoulder",1
"Unspecified osteoarthritis, unspecified site",1
Alcohol dependence with alcohol-induced persisting dementia,1
CR(E)ST syndrome,1
"Poisoning by benzodiazepines, intentional self-harm, subs",1
"Unspecified sprain of left wrist, subsequent encounter",1
Polyarteritis with lung involvement [Churg-Strauss],1
"Unspecified subluxation of right shoulder joint, subs encntr",1
"Elevated white blood cell count, unspecified",1
"Laceration without foreign body, right foot, subs encntr",1
Alcoholic cirrhosis of liver with ascites,1
Vaping-related disorder,1
"Polymyositis, organ involvement unspecified",1
"Lesion of sciatic nerve, right lower limb",1
Embolism and thrombosis of superficial veins of r low extrem,1
Varicose veins of l low extrem w ulcer of heel and midfoot,1
Posterior reversible encephalopathy syndrome,1
Varicose veins of r low extrem w ulcer oth part of lower leg,1
Postherpetic geniculate ganglionitis,1
Varicose veins of right lower extremity with ulcer of calf,1
"Hyp hrt & chr kdny dis w/o hrt fail, w stg 1-4/unsp chr kdny",1
Vascular parkinsonism,1
"Diffuse TBI w loss of consciousness of unsp duration, init",1
Ventricular tachycardia,1
Postp hematoma of a nervous sys org fol a nervous sys proc,1
Vis def/sptl nglct following other ntrm intcrn hemorrhage,1
Postpolio syndrome,1
Volvulus,1
Postproc hematoma of a dgstv sys org fol a dgstv sys proc,1
Warm autoimmune hemolytic anemia,1
Postproc hematoma of a ms structure fol a ms sys procedure,1
Disseminated zoster,1
Postproc seroma of a dgstv sys org fol a dgstv sys procedure,1
"Wedge comprsn fx fifth lum vert, subs for fx w routn heal",1
"Postproc seroma of skin, subcu following other procedure",1
"Wedge comprsn fx first thor vert, subs for fx w routn heal",1
Postprocedural pneumothorax,1
Postprocedural retroperitoneal abscess,1
"Oth physl fx lower end of r femur, subs for fx w routn heal",1
"Disp fx of post wall of r acetab, subs for fx w routn heal",1
"Oth postproc comp and disorders of the circ sys, NEC",1
Occlusion and stenosis of unspecified cerebral artery,1
"Wedge comprsn fx third thor vert, subs for fx w routn heal",1
"Olecranon bursitis, right elbow",1
"Wedge comprsn fx unsp thor vert, subs for fx w routn heal",1
"Open bite, left lower leg, initial encounter",1
Zoster encephalitis,1
"Open bite, left lower leg, subsequent encounter",1
"Chronic multifocal osteomyelitis, right ankle and foot",1
Acute cystitis with hematuria,1